16月6日晴,作曲,陈羽恒
16月6日晴,作词,陈羽恒
16月6日晴,歌手,陈奕迅
1874,歌手,陈奕迅
1874,作曲,王双骏
1874,所属专辑,The Line-Up
1874,作词,黄伟文
1个2个3个4个,作曲,余永邦
1个2个3个4个,作词,施人诚
1个2个3个4个,所属专辑,婚礼的祝福
1个2个3个4个,歌手,陈奕迅
2001太空漫游,歌手,陈奕迅
2001太空漫游,作曲,陈辉阳
2001太空漫游,作曲,陈奕迅
2001太空漫游,作词,黄伟文
24,歌手,陈奕迅
24,所属专辑,Sound & Sight
24,作词,林夕
24,作曲,陈思捷
"Allegro, Opus 3.3 a.m.",作曲,唐奕聪
"Allegro, Opus 3.3 a.m.",作词,小克
"Allegro, Opus 3.3 a.m.",歌手,陈奕迅
"Allegro, Opus 3.3 a.m.",所属专辑,H3M
Aren't You Glad,所属专辑,不想放手
Aren't You Glad,作词,Russell Harris
Aren't You Glad,作曲,Russell Harris
Aren't You Glad,歌手,陈奕迅
Baby Song,作词,岑宁儿
Baby Song,所属专辑,?
Baby Song,歌手,陈奕迅
Baby Song,作曲,岑宁儿
Because You're Good To Me,所属专辑,反正是我
Because You're Good To Me,作词,陈奂仁
Because You're Good To Me,歌手,陈奕迅
Because You're Good To Me,作曲,陈奂仁
Because You're Good To Me,作词,黄振轩
City Of Hope,歌手,陈奕迅
City Of Hope,所属专辑,无限之城
Class,所属专辑,…3mm
Class,作词,林宝
Class,歌手,陈奕迅
Crying In The Party,歌手,陈奕迅
Crying In The Party,所属专辑,Listen To Eason Chan
Crying In The Party,作词,黄伟文
Crying In The Party,作曲,黎小田
Eason's Angel,歌手,陈奕迅
Fight As One,作词,Eric Kwok
Fight As One,歌手,陈奕迅
Fight As One,歌手,蔡依林
Fight As One,作曲,宋秉洋
Fight As One,作词,Jerald Chan
Fight As One,作词,Andrew Chu
Good Times,作曲,陈伟
Good Times,歌手,陈奕迅
Good Times,所属专辑,反正是我
Good Times,作词,于光中
I Do,所属专辑,四季
I Do,作曲,周国贤
I Do,作词,陈奕迅
I Do,作词,郑光志
I Do,歌手,陈奕迅
I Want...,歌手,陈奕迅
I Want...,歌手,Renée Fleming
I Want...,作词,Ming Si Tu
I Want...,作词,Chun Keung Lam
I Want...,作曲,Jon Hendricks
I Want...,作词,Jon Hendricks
I Want...,歌手,郎朗
Just Between The Two of Us,所属专辑,婚礼的祝福
Just Between The Two of Us,作词,丁晓雯
Just Between The Two of Us,作曲,Jock Millgardh
Just Between The Two of Us,歌手,陈奕迅
Katrina,作曲,陶喆
Katrina,作词,黄伟文
Katrina,歌手,陈奕迅
K歌之王,歌手,陈奕迅
K歌之王,作曲,陈辉阳
K歌之王,作词,林夕
K歌之王,所属专辑,打得火热
Last Order,作曲,Eric Kwok
Last Order,作词,黄伟文
Last Order,所属专辑,黑·白·灰
Last Order,歌手,陈奕迅
Let It Out,歌手,陈奕迅
Let It Out,作曲,Eric Kwok
Let It Out,作词,Eric Kwok
Let It Out,作词,林若宁
Let It Out,所属专辑,…3mm
Life Goes On,作曲,孙伟明
Life Goes On,所属专辑,H3M
Life Goes On,歌手,陈奕迅
Life Goes On,作词,谭健文
Lonely Christmas,歌手,陈奕迅
Lonely Christmas,作词,李峻一
Lonely Christmas,作曲,李峻一
Made In Hong Kong,歌手,陈奕迅
Made In Hong Kong,作词,刘卓辉
Made In Hong Kong,作曲,李汉金
Made In Hong Kong,所属专辑,Nothing Really Matters
Muffin Man,所属专辑,？
Muffin Man,作曲,Adrian Fu
Muffin Man,作词,Adrian Fu
Muffin Man,歌手,陈奕迅
My Private Christmas Song,歌手,陈奕迅
My Private Christmas Song,作词,舒文
My Private Christmas Song,作曲,舒文
My Private Christmas Song,所属专辑,Stranger under my skin
New Order,所属专辑,Live For Today
New Order,作词,林夕
New Order,作曲,Eric Kwok
New Order,歌手,陈奕迅
Nothing Ever Happened,歌手,陈奕迅
Nothing Ever Happened,所属专辑,上五楼的快活
Nothing Ever Happened,作词,林嘉欣
Nothing Ever Happened,作曲,林暐哲
Overture,作曲,岩田雅之
Overture,歌手,陈奕迅
Overture,所属专辑,Eason's Moving On Stage 1
R U N,歌手,陈奕迅
R U N,歌手,岑宁儿
R U N,所属专辑,L.O.V.E.
R U N,作词,岑宁儿
R U N,作曲,岑宁儿
Special Thanks To 1,作曲,Foo Hsien Yang
Special Thanks To 1,作词,林夕
Special Thanks To 1,所属专辑,Special Thanks To…
Special Thanks To 1,歌手,陈奕迅
Special Thanks To 3,作曲,Foo Hsien Yang
Special Thanks To 3,作词,林夕
Special Thanks To 3,所属专辑,Special Thanks To…
Special Thanks To 3,歌手,陈奕迅
Taipei City,作曲,深白色
Taipei City,作词,深白色
Taipei City,所属专辑,酝酿
Taipei City,歌手,陈奕迅
style,歌手,陈奕迅
style,所属专辑,一滴眼泪
style,作词,吴旭文
style,作曲,吴旭文
一,作曲,谢霆锋
一,歌手,陈奕迅
一,所属专辑,天佑爱人
一,作词,黄伟文
一丝不挂,作词,林夕
一丝不挂,作曲,泽日生
一丝不挂,歌手,陈奕迅
一丝不挂,所属专辑,Time Flies
一个旅人,歌手,陈奕迅
一个旅人,作曲,雷有辉
一个旅人,所属专辑,H3M
一个旅人,作词,余绍祺
一个灵魂的独白,歌手,陈奕迅
一个灵魂的独白,作曲,AGA
一个灵魂的独白,所属专辑,准备中
一个灵魂的独白,作词,袁两半
一切还好,作曲,Adrian Fu
一切还好,作词,林夕
一切还好,所属专辑,Great 5000 Secs
一切还好,歌手,陈奕迅
一滴眼泪,作曲,吴旭文
一滴眼泪,作词,吴旭文
一滴眼泪,歌手,陈奕迅
一滴眼泪,所属专辑,陈奕迅
一疋布,歌手,陈奕迅
一疋布,所属专辑,五星级的家
一疋布,作词,黄仲凯
一疋布,作曲,陈辉阳
七百年后,作曲,柳重言
七百年后,所属专辑,H3M
七百年后,歌手,陈奕迅
七百年后,作词,林若宁
万佛朝宗,作词,林夕
万佛朝宗,歌手,陈奕迅
万佛朝宗,作曲,Alex Ni
万佛朝宗,所属专辑,Great 5000 Secs
万圣节的一个传说,歌手,陈奕迅
万圣节的一个传说,所属专辑,准备中
万圣节的一个传说,作曲,曲世聪
万圣节的一个传说,作词,袁两半
三个人的探戈,所属专辑,U87
三个人的探戈,作词,黄伟文
三个人的探戈,歌手,陈奕迅
三个人的探戈,作曲,陈羽恒
不如不见,作词,林夕
不如承诺来的简单,作词,火星电台
不如承诺来的简单,所属专辑,米·闪
不如承诺来的简单,歌手,陈奕迅
不如承诺来的简单,作曲,火星电台
不如这样,作词,林夕
不如这样,作曲,陈伟
不如这样,歌手,陈奕迅
不如这样,所属专辑,反正是我
不求人,歌手,陈奕迅
不求人,所属专辑,Sound & Sight
不求人,作词,林夕
不求人,作曲,蓝奕邦
不然你要我怎么样,所属专辑,怎么样
不然你要我怎么样,歌手,陈奕迅
不然你要我怎么样,作词,卓伸颖
不然你要我怎么样,作曲,Alex Ni
不然你要我怎么样,作词,Alex Ni
不睡,歌手,陈奕迅
不睡,所属专辑,怎么样
不睡,作词,马嵩惟
不睡,作曲,Adrian Fu
不知所谓,作曲,黄伟年
不知所谓,作词,黄伟年
不知所谓,歌手,陈奕迅
不良嗜好,作词,黄伟文
不良嗜好,所属专辑,U87
不良嗜好,作曲,林一峰
不良嗜好,歌手,陈奕迅
不要说话,歌手,陈奕迅
不要说话,所属专辑,不想放手
不要说话,作词,小柯
不要说话,作曲,小柯
与我常在,歌手,陈奕迅
与我常在,作曲,林健华
与我常在,作词,林夕
专家话,作曲,刘祖德
专家话,作词,刘祖德
专家话,所属专辑,幸福
专家话,歌手,陈奕迅
世界,歌手,陈奕迅
世界,所属专辑,黑·白·灰
世界,作词,姚若龙
世界,作曲,陈小霞
两名男子街头相遇,作曲,王双骏
两名男子街头相遇,作词,黄伟文
两名男子街头相遇,歌手,陈奕迅
两名男子街头相遇,所属专辑,The Line-Up
两种讲法,所属专辑,我的快乐时代
两种讲法,歌手,陈奕迅
之外,歌手,陈奕迅
之外,作词,易家扬
之外,作曲,徐继宗
之外,所属专辑,C'mon in~
乐园,作曲,黄韵玲
乐园,所属专辑,Stranger Under My Skin
乐园,歌手,黄韵玲
乐园,歌手,陈奕迅
乐园,作词,黄韵玲
乜嘢啫,作曲,陈奕迅
乜嘢啫,作词,游思行
乜嘢啫,所属专辑,Listen To Eason Chan
乜嘢啫,歌手,陈奕迅
习惯说,作曲,Eric Kwok
习惯说,作词,陈咏谦
习惯说,所属专辑,…3mm
习惯说,歌手,陈奕迅
习惯说,作曲,陈奕迅
二个人的夜晚,作词,陈民辕
二个人的夜晚,作曲,陈建良
二个人的夜晚,所属专辑,一滴眼泪
二个人的夜晚,歌手,陈奕迅
五星级迫爆,所属专辑,五星级的家
五星级迫爆,作词,黄仲凯
五星级迫爆,作曲,金培达
五星级迫爆,歌手,陈奕迅
五星连珠,所属专辑,五星级的家
五星连珠,歌手,陈奕迅
人人爱,歌手,陈奕迅
人人爱,作词,陈少琪
人人爱,作曲,陈奕迅
人人爱,作曲,C.Y.Kong
人工智能,作曲,Gilitte Leung
人工智能,作词,黄伟文
人工智能,所属专辑,The Easy Ride
人工智能,歌手,陈奕迅
人来人往,作词,林夕
人来人往,作曲,陈辉阳
人来人往,歌手,陈奕迅
人生马拉松,歌手,陈奕迅
人生马拉松,所属专辑,准备中
人生马拉松,作词,袁两半
人生马拉松,作曲,曲世聪
人神斗,所属专辑,怎么样
人神斗,歌手,陈奕迅
人神斗,作词,周耀辉
人神斗,作曲,王双骏
人车志,作词,黄伟文
人车志,作曲,Jerald
人车志,歌手,陈奕迅
人车志,所属专辑,Life Continues
人造卫星,作词,林夕
人造卫星,所属专辑,Special Thanks To…
人造卫星,歌手,陈奕迅
人造卫星,作曲,Hugesen D Christensen B
今天只做一件事,所属专辑,H3M
今天只做一件事,作词,周耀辉
今天只做一件事,作曲,舒文
今天只做一件事,作曲,Joey Tang
今天只做一件事,歌手,陈奕迅
今天等我来,所属专辑,与我常在
今天等我来,作词,劳双恩
今天等我来,作曲,柳重言
今天等我来,歌手,陈奕迅
今日,作曲,柳重言
今日,作词,林振强
今日,所属专辑,天佑爱人
今日,歌手,陈奕迅
从未痴心,歌手,陈奕迅
从未痴心,作词,罗士衡
从未痴心,作曲,何子明
从未痴心,所属专辑,陈奕迅
他一个人,作词,黄伟文
他一个人,所属专辑,The Easy Ride
他一个人,歌手,陈奕迅
他一个人,作曲,蔡德才
任我行,歌手,陈奕迅
任我行,所属专辑,The Key
任我行,作词,林夕
任我行,作曲,泽日生
伤信,歌手,陈奕迅
伤信,所属专辑,陈奕迅
伤信,作词,周礼茂
伤信,作曲,西村
伤信,作曲,纪江
伤心证明书,歌手,陈奕迅
伤心证明书,所属专辑,婚礼的祝福
伤心证明书,作词,陈静楠
伤心证明书,作曲,林贤一
伴游,所属专辑,与我常在
伴游,歌手,陈奕迅
伴游,作词,周耀辉
伴游,作曲,柳重言
低等动物,作词,黄伟文
低等动物,所属专辑,打得火热
低等动物,歌手,陈奕迅
低等动物,作曲,钱文璟
低调,歌手,陈奕迅
低调,所属专辑,Life Continues
低调,作曲,Eric Kwok
低调,作词,黄伟文
你为什么哭了呢,作词,王小苗
你为什么哭了呢,所属专辑,上五楼的快活
你为什么哭了呢,作曲,范晓萱
你为什么哭了呢,歌手,陈奕迅
你会不会,作词,林夕
你会不会,所属专辑,Special Thanks To…
你会不会,作曲,陈奕迅
你会不会,歌手,陈奕迅
你给我听好,作曲,林俊杰
你给我听好,歌手,陈奕迅
你给我听好,所属专辑,米·闪
你给我听好,作词,林夕
信任,作词,小克
信任,所属专辑,…3mm
信任,歌手,陈奕迅
信任,作曲,Jerald
信任,作曲,Eric Kwok
信心花舍,作曲,Barry Chung
信心花舍,所属专辑,Shall We Dance? Shall We Talk!
信心花舍,歌手,陈奕迅
信心花舍,作词,林夕
倒带人生,作曲,方大同
倒带人生,作词,葛大为
倒带人生,所属专辑,不想放手
倒带人生,歌手,陈奕迅
傅科摆,作曲,C.Y.Kong
傅科摆,作词,葛大为
傅科摆,作曲,Jerald Chan
傅科摆,歌手,陈奕迅
像一句广告,作曲,"WARUT""SEVENDOGS""RINTRANUKUKUL"
像一句广告,作词,于光中
像一句广告,所属专辑,黑·白·灰
像一句广告,歌手,陈奕迅
兄妹,所属专辑,黑白灰
兄妹,歌手,陈奕迅
兄妹,作曲,徐伟贤
兄妹,作词,林夕
兄弟,歌手,陈奕迅
兄弟,歌手,刘德华
兄弟,所属专辑,Listen To Eason Chan
兄弟,作词,刘德华
兄弟,作曲,陈奕迅
全世界失眠,作曲,陈伟
全世界失眠,歌手,陈奕迅
全世界失眠,所属专辑,反正是我
全世界失眠,作词,林夕
八里公路,歌手,陈奕迅
八里公路,作词,林夕
八里公路,作曲,Siegfried Walch
八里公路,作曲,Manuela Eder
其实我记得,歌手,陈奕迅
其实我记得,所属专辑,陈奕迅
其实我记得,作曲,江港生
其实我记得,作词,张美贤
内疚,歌手,陈奕迅
内疚,所属专辑,？
内疚,作词,陈奂仁
内疚,作词,陈奕迅
内疚,作曲,陈奂仁
内疚,作曲,何秉舜
冤家,歌手,陈奕迅
冤家,所属专辑,反正是我
冤家,作词,徐世珍
冤家,作曲,周杰伦
冤气,作词,林夕
冤气,歌手,陈奕迅
冤气,作曲,廖伟鹏
冤气,所属专辑,Great 5000 Secs
冲口而出,歌手,叶倩文
冲口而出,歌手,陈奕迅
到此一游,歌手,陈奕迅
到此一游,所属专辑,Nothing Really Matters
到此一游,作词,李敏
到此一游,作曲,吴旭文
十年,歌手,陈奕迅
十年,所属专辑,黑白灰
十年,作词,林夕
十年,作曲,陈小霞
十面埋伏,歌手,陈奕迅
十面埋伏,所属专辑,Live For Today
十面埋伏,作词,黄伟文
十面埋伏,作曲,郭伟亮
单车,作词,黄伟文
单车,所属专辑,Shall We Dance? Shall We Talk!
单车,作曲,柳重言
单车,歌手,陈奕迅
反高潮,所属专辑,我的快乐时代
反高潮,作曲,陈奕迅
反高潮,作词,黄伟文
反高潮,歌手,陈奕迅
变色龙,作词,周耀辉
变色龙,所属专辑,Listen To Eason Chan
变色龙,歌手,陈奕迅
变色龙,作曲,王双骏
只是近黄昏,作词,林夕
只是近黄昏,歌手,陈奕迅
只是近黄昏,所属专辑,Solidays 新曲+精选
只是近黄昏,作曲,Eric Kwok
可一可再,作词,陈咏谦
可一可再,歌手,陈奕迅
可一可再,作曲,陈奕迅
可以了,作曲,林俊杰
可以了,歌手,陈奕迅
可以了,所属专辑,米·闪
可以了,作词,林怡凤
叶问风中转,歌手,陈奕迅
同舟之情,作曲,顾嘉辉
同舟之情,歌手,张学友
同舟之情,作曲,Eric Kwok
同舟之情,作词,陈咏谦
同舟之情,歌手,陈奕迅
同舟之情,作词,黄沾
后台,歌手,陈奕迅
后台,所属专辑,Solidays
后台,作词,黄伟文
后台,作曲,Adam
吟游诗人,歌手,陈奕迅
吟游诗人,作曲,黄丹仪
吟游诗人,作词,曾纪诺
听一千遍后,所属专辑,？
听一千遍后,作词,姚谦
听一千遍后,作曲,John Laudon
听一千遍后,歌手,陈奕迅
听听,所属专辑,怎么样
听听,作曲,王双骏
听听,作词,黄伟文
听听,歌手,陈奕迅
吹微风,作曲,吴国敬
吹微风,歌手,陈奕迅
吹微风,作词,黄伟文
吹微风,作曲,孙伟明
吹微风,所属专辑,打得火热
呀边个边个,作曲,TOM LINDEYBO CHRISTENSEN
呀边个边个,作曲,DAN HOUGESEN
呀边个边个,歌手,陈奕迅
呀边个边个,所属专辑,Live For Today
呀边个边个,作词,徐绍祺
呀边个边个,作曲,SUNE THORBJORNSEN
告别娑婆,所属专辑,The Key
告别娑婆,作曲,C.Y.Kong
告别娑婆,作曲,Jean Chien
告别娑婆,作词,小克
告别娑婆,歌手,陈奕迅
味之素,歌手,陈奕迅
味之素,作词,黄伟文
味之素,作曲,陈羽恒
和平饭店,作曲,D.Acconci
和平饭店,歌手,陈奕迅
和平饭店,作曲,云超
和平饭店,作词,林夕
哎呀咿呀,作曲,周国贤
哎呀咿呀,歌手,陈奕迅
哎呀咿呀,作词,小克
喜欢一个人,作曲,Eric Kwok
喜欢一个人,作词,袁两半
喜欢一个人,所属专辑,准备中
喜欢一个人,歌手,陈奕迅
四季,歌手,陈奕迅
四季,作曲,周国贤
四季,作词,小克
四季圈,作曲,火星电台
四季圈,歌手,陈奕迅
四季圈,作词,火星电台
四季圈,所属专辑,米·闪
因为爱情,作曲,小柯
因为爱情,作词,小柯
因为爱情,歌手,陈奕迅
因为爱情,歌手,王菲
土星环,歌手,陈奕迅
土星环,作词,黄伟文
土星环,所属专辑,不想放手
土星环,作曲,Adrian Fu
圣诞结,歌手,陈奕迅
圣诞结,所属专辑,七
圣诞结,作词,何启弘
圣诞结,作曲,李峻一
在你身边,作词,陈少琪
在你身边,所属专辑,上五楼的快活
在你身边,歌手,陈奕迅
在你身边,作曲,张亚东
坏情人,歌手,陈奕迅
坏情人,所属专辑,Sound & Sight
坏情人,作曲,Holun Mak
坏情人,作曲,Keith Yip
坏情人,作词,林夕
多一点,歌手,陈奕迅
多一点,所属专辑,新生活
多一点,作词,潘伟源
多一点,作曲,吴通明
多少,作曲,蔡健雅
多少,作词,蔡健雅
多少,所属专辑,上五楼的快活
多少,歌手,陈奕迅
大人,歌手,陈奕迅
大人,所属专辑,Time Flies
大人,作词,陈咏谦
大人,作曲,Eric Kwok
天下太平,歌手,张学友
天下太平,所属专辑,Solidays
天下太平,作词,林夕
天下太平,作曲,伍乐城
天下太平,歌手,陈奕迅
天下无双,作曲,柳重言
天下无双,歌手,陈奕迅
天下无双,所属专辑,我的快乐时代
天下无双,作词,林振强
天使的礼物,歌手,陈奕迅
天使的礼物,作词,林夕
天使的礼物,作曲,陈辉阳
天公地道,歌手,陈奕迅
天公地道,所属专辑,What'S Going On...?
天公地道,作词,黄仲凯
天公地道,作曲,徐伟贤
太阳照常升起,歌手,陈奕迅
太阳照常升起,作曲,黄仲贤
太阳照常升起,所属专辑,H3M
太阳照常升起,作词,林夕
失忆蝴蝶,作曲,陈晓娟
失忆蝴蝶,作词,林夕
失忆蝴蝶,歌手,陈奕迅
失恋太少,作曲,陈辉阳
失恋太少,歌手,陈奕迅
失恋太少,作词,林夕
好久不见,歌手,陈奕迅
好久不见,所属专辑,认了吧
好久不见,作曲,陈小霞
好久不见,作词,施立
好聚好散,作词,白进法
好聚好散,作曲,陈国华
好聚好散,所属专辑,酝酿
好聚好散,歌手,陈奕迅
如果这一秒钟你跟我讲你不爱我,作词,黄伟文
如果这一秒钟你跟我讲你不爱我,歌手,陈奕迅
如果这一秒钟你跟我讲你不爱我,所属专辑,天佑爱人
如果这一秒钟你跟我讲你不爱我,作曲,蔡一智
始终我系我,所属专辑,Eason 18首选
始终我系我,歌手,陈奕迅
娱乐天空,歌手,陈奕迅
娱乐天空,所属专辑,米·闪
娱乐天空,作词,火星电台
娱乐天空,作曲,火星电台
婚礼的祝福,作曲,陈建宁
婚礼的祝福,作词,许常德
婚礼的祝福,歌手,陈奕迅
存在,作词,于光中
存在,作曲,Sljevile & Coness
存在,所属专辑,婚礼的祝福
存在,歌手,陈奕迅
季军,作词,林夕
季军,作曲,张佳添
季军,歌手,陈奕迅
季军,所属专辑,The Line-Up
孤儿仔,所属专辑,五星级的家
孤儿仔,歌手,陈奕迅
孤儿仔,作词,李峻一
孤儿仔,作曲,李峻一
孤独患者,所属专辑,?
孤独患者,歌手,陈奕迅
孤独患者,作曲,方大同
孤独患者,作词,小寒
孤独探戈,作词,林夕
孤独探戈,歌手,陈奕迅
孤独探戈,作曲,陈辉阳
孤独探戈,所属专辑,Shall We Dance? Shall We Talk!
完,作曲,郭伟亮
完,歌手,陈奕迅
完,作曲,陈思捷
完,作词,林宝
完,所属专辑,…3mm
宠爱,歌手,陈奕迅
宠爱,作曲,陈美威
宠爱,作词,白进法
宠爱,所属专辑,酝酿
宠爱,作词,王中言
寂寞奏鸣曲,作词,易家扬
寂寞奏鸣曲,歌手,陈奕迅
寂寞奏鸣曲,作曲,Tim Christensen
寂寞奏鸣曲,所属专辑,黑·白·灰
寂寞让你更快乐,歌手,陈奕迅
寂寞让你更快乐,作曲,阿飞
寂寞让你更快乐,作词,郭小宏
寂寞让你更快乐,所属专辑,七
富士山下,歌手,陈奕迅
富士山下,作词,林夕
富士山下,作曲,泽日生
对不起 谢谢,所属专辑,怎么样
对不起 谢谢,作词,Skot Suyama
对不起 谢谢,作曲,Skot Suyama
对不起 谢谢,歌手,陈奕迅
对面,歌手,陈奕迅
对面,所属专辑,米·闪
对面,作词,火星电台
对面,作曲,火星电台
小孩不懂怕,作词,陈文刚
小孩不懂怕,所属专辑,Live For Today
小孩不懂怕,歌手,陈奕迅
小孩不懂怕,作曲,阿飞
少见不怪,歌手,陈奕迅
少见不怪,作词,黄敬佩
少见不怪,作曲,张佳添
岁月如歌,作曲,徐伟贤
岁月如歌,作词,刘卓辉
岁月如歌,歌手,陈奕迅
幸灾乐祸,歌手,陈奕迅
幸灾乐祸,所属专辑,Live For Today
幸灾乐祸,作曲,陶喆
幸灾乐祸,作词,黄伟文
幸福摩天轮,作曲,Eric Kwok
幸福摩天轮,作词,林夕
幸福摩天轮,所属专辑,幸福
幸福摩天轮,歌手,陈奕迅
床上的黑洞,作词,Tim Lui
床上的黑洞,作曲,RubberBand
床上的黑洞,作曲,Jerald Chan
床上的黑洞,歌手,陈奕迅
床上的黑洞,作词,6号
床上的黑洞,所属专辑,C'mon in~
床头床尾,作词,小克
床头床尾,所属专辑,The Key
床头床尾,歌手,陈奕迅
床头床尾,作曲,陈奕迅
床头灯,作曲,李雨寰
床头灯,所属专辑,上五楼的快活
床头灯,作词,葛大为
床头灯,歌手,陈奕迅
开不了心,作曲,伍卓贤
开不了心,作词,林夕
开不了心,歌手,陈奕迅
张氏情歌,作曲,周国贤
张氏情歌,作词,小克
张氏情歌,所属专辑,?
张氏情歌,歌手,陈奕迅
当心中有恋爱感觉,作词,张美贤
当心中有恋爱感觉,歌手,陈奕迅
当心中有恋爱感觉,所属专辑,陈奕迅
当心中有恋爱感觉,作曲,松本俊明
当这地球没有花,歌手,陈奕迅
当这地球没有花,作词,林夕
当这地球没有花,作曲,郭伟亮
心深伤透,作曲,Davy Chan
心深伤透,作词,陈奕迅
心深伤透,歌手,陈奕迅
心的距离,歌手,陈奕迅
心的距离,所属专辑,上五楼的快活
心的距离,作词,小安
心的距离,作曲,小安
心腹,作曲,Eric Kwok
心腹,歌手,陈奕迅
心腹,作词,黄伟文
心腹,所属专辑,Time Flies
忘记歌词,歌手,陈奕迅
忘记歌词,作词,黄伟文
忘记歌词,作曲,陈浩然
快乐男生,作词,易家扬
快乐男生,作曲,C.Y.Kong
快乐男生,所属专辑,认了吧
快乐男生,歌手,陈奕迅
快高长大,作曲,蔡一智
快高长大,歌手,陈奕迅
快高长大,所属专辑,天佑爱人
快高长大,作词,林夕
忽然难过,作词,刘卓辉
忽然难过,作曲,胡波
忽然难过,所属专辑,幸福
忽然难过,歌手,陈奕迅
怕死,作曲,雷颂德
怕死,作词,黄伟文
怕死,所属专辑,U87
怕死,歌手,陈奕迅
怪物,歌手,陈奕迅
怪物,作曲,陈奕迅
怪物,作词,林夕
怪物,所属专辑,Shall We Dance? Shall We Talk!
情深怎么办,作曲,陈美威
情深怎么办,作词,邬裕康
情深怎么办,歌手,陈奕迅
情深怎么办,所属专辑,一滴眼泪
想哭,作词,林夕
想哭,所属专辑,Special Thanks To…
想哭,作曲,徐伟贤
想哭,歌手,陈奕迅
愈想愈无谓,作曲,玉置浩二
愈想愈无谓,作词,潘源良
愈想愈无谓,所属专辑,我的快乐时代
愈想愈无谓,歌手,陈奕迅
愚人快乐,所属专辑,米·闪
愚人快乐,歌手,陈奕迅
愚人快乐,作曲,火星电台
愚人快乐,作词,火星电台
感动,所属专辑,酝酿
感动,歌手,陈奕迅
感情约,所属专辑,一滴眼泪
感情约,歌手,陈奕迅
感情约,作曲,陈美威
感情约,作词,姚若龙
愿,所属专辑,五星级的家
愿,歌手,陈奕迅
戏迷情人,歌手,陈奕迅
戏迷情人,作词,何秀萍
戏迷情人,作曲,卢巧音
我不好爱,歌手,陈奕迅
我不好爱,所属专辑,The Easy Ride
我不好爱,作词,黄伟文
我不好爱,作曲,Eric Kwok
我也不会那么做,歌手,陈奕迅
我也不会那么做,所属专辑,反正是我
我也不会那么做,作词,陈奂仁
我也不会那么做,作曲,陈奕迅
我也不会那样做,作曲,陈奂仁
我也不会那样做,作词,陈奂仁
我也不会那样做,所属专辑,反正是我
我也不会那样做,歌手,陈奕迅
我们万岁,作词,陈咏谦
我们万岁,所属专辑,L.O.V.E.
我们万岁,作曲,翁玮盈
我们万岁,歌手,陈奕迅
我们不哭了,歌手,陈奕迅
我们不哭了,歌手,何超仪
我们不哭了,歌手,杨千嬅
我们不哭了,所属专辑,68分29秒
我们不哭了,作词,郭启华
我们不哭了,作曲,蔡德才
我们不哭了,歌手,海俊杰
我们都寂寞,歌手,陈奕迅
我们都寂寞,所属专辑,黑·白·灰
我们都寂寞,作词,林夕
我们都寂寞,作曲,符致逸
我怎么可以哭,作词,谢明训
我怎么可以哭,作曲,林明阳
我怎么可以哭,歌手,陈奕迅
我怎么可以哭,所属专辑,一滴眼泪
我怕你不肯,歌手,陈奕迅
我怕你不肯,所属专辑,陈奕迅
我怕你不肯,作曲,黄尚伟
我怕你不肯,作词,李敏
我感激,所属专辑,Nothing Really Matters
我感激,作曲,Jorge Sabogal
我感激,作曲,Gonzalo Polar
我感激,作词,林振强
我感激,歌手,陈奕迅
我甲你,作曲,乱弹阿翔
我甲你,所属专辑,上五楼的快活
我甲你,作词,乱弹阿翔
我甲你,歌手,陈奕迅
我的世界末日,作曲,王双骏
我的世界末日,歌手,陈奕迅
我的世界末日,所属专辑,天佑爱人
我的世界末日,作词,周耀辉
我的快乐时代,作词,林夕
我的快乐时代,作曲,林健华
我的快乐时代,歌手,陈奕迅
我终于放开了她,所属专辑,酝酿
我终于放开了她,歌手,陈奕迅
我终于放开了她,作词,吴旭文
我终于放开了她,作曲,黄中原
打回原形,作词,黄伟文
打回原形,作曲,阿飞
打回原形,歌手,陈奕迅
打得火热,作曲,陈辉阳
打得火热,歌手,陈奕迅
打得火热,作词,黄伟文
披风,作曲,Jerald
披风,作曲,MJ
披风,作词,易家扬
披风,所属专辑,放&披风
披风,歌手,陈奕迅
抱拥这分钟,作词,潘源良
抱拥这分钟,所属专辑,与我常在
抱拥这分钟,歌手,陈奕迅
抱拥这分钟,作曲,Jim Lee
拔河,作曲,林东松
拔河,所属专辑,婚礼的祝福
拔河,歌手,梁汉文
拔河,作词,陈静楠
拔河,歌手,陈奕迅
拜访,所属专辑,一滴眼泪
拜访,作曲,吴旭文
拜访,歌手,陈奕迅
拜访,作词,谢明讯
掏空,歌手,陈奕迅
掏空,作曲,潘协庆
掏空,作词,潘协庆
掏空,所属专辑,婚礼的祝福
摊开双手,所属专辑,酝酿
摊开双手,歌手,陈奕迅
收心操,歌手,陈奕迅
收心操,作词,葛大为
收心操,所属专辑,C'mon in~
收心操,作曲,Jerald Chan
改造人,歌手,陈奕迅
改造人,作曲,陈奕迅
改造人,作词,因葵
改造人,所属专辑,幸福
放,作曲,Jerald
放,作词,葛大为
放,歌手,陈奕迅
放下来,作曲,马念先
放下来,作词,林夕
放下来,歌手,陈奕迅
放弃治疗,作词,吴青峰
放弃治疗,歌手,陈奕迅
放弃治疗,作曲,林俊杰
放弃治疗,所属专辑,米·闪
故事,歌手,陈奕迅
故事,所属专辑,Special Thanks To…
故事,作词,林夕
故事,作曲,Adrian Fu
敌人,歌手,陈奕迅
敌人,所属专辑,与我常在
敌人,作词,罗颂怡
敌人,作曲,刘祖德
敬烟,作词,陈咏谦
敬烟,作曲,苏德华
敬烟,所属专辑,L.O.V.E.
敬烟,歌手,陈奕迅
斯德哥尔摩情人,歌手,陈奕迅
斯德哥尔摩情人,所属专辑,The Key
斯德哥尔摩情人,作词,林夕
斯德哥尔摩情人,作曲,C.Y.Kong
新广告歌,所属专辑,打得火热
新广告歌,作曲,YOO SEUNG BEOM
新广告歌,歌手,陈奕迅
新广告歌,作词,周耀辉
新生活,作曲,陈奕迅
新生活,作词,黄伟文
新生活,歌手,陈奕迅
新的世界,作曲,ALAN MENKEN
新的世界,作词,虑淑仪
新的世界,所属专辑,香港迪士尼乐园之奇妙音乐旅程
新的世界,歌手,陈奕迅
新美人主义,作曲,Eric Kwok
新美人主义,作词,黄伟文
新美人主义,所属专辑,U87
新美人主义,歌手,陈奕迅
无人之境,作词,黄伟文
无人之境,所属专辑,Time Flies
无人之境,歌手,陈奕迅
无人之境,作曲,Eric Kwok
无条件,作曲,Eric Kwok
无条件,作词,潘源良
无条件,所属专辑,准备中
无条件,歌手,陈奕迅
无限之城,歌手,陈奕迅
早开的长途班,所属专辑,怎么样
早开的长途班,歌手,陈奕迅
早开的长途班,作曲,梁翘柏
早开的长途班,作词,乔靖夫
时代巨轮,歌手,陈奕迅
时代巨轮,所属专辑,Listen To Eason Chan
时代巨轮,作词,林若宁
时代巨轮,作曲,孙伟明
时代巨轮,作曲,郭伟亮
时代曲,歌手,陈奕迅
时代曲,作曲,陈奕迅
时代曲,作词,黄伟文
时代曲,所属专辑,陈奕迅
时代曲,作曲,江港生
时光倒流二十年,歌手,陈奕迅
时光倒流二十年,作词,林夕
时光倒流二十年,作曲,伍乐城
时光倒流二十年,所属专辑,幸福
时光隧道,作曲,林俊杰
时光隧道,作词,姚若龙
时光隧道,歌手,陈奕迅
时光隧道,所属专辑,米·闪
明年今日,作词,林夕
明年今日,所属专辑,The Line-Up
明年今日,歌手,陈奕迅
明年今日,作曲,陈小霞
春光乍泄,作曲,黄耀明
春光乍泄,作曲,蔡德才
春光乍泄,作词,林夕
春光乍泄,所属专辑,幸福
春光乍泄,歌手,陈奕迅
昨日,歌手,陈奕迅
昨日,所属专辑,天佑爱人
是但求其爱,作曲,林家谦
是但求其爱,作词,小克
是但求其爱,歌手,陈奕迅
暴殄天物,歌手,陈奕迅
暴殄天物,所属专辑,Life Continues
暴殄天物,作词,黄伟文
暴殄天物,作曲,Jerald
暴风雨,作曲,岑伟宗
暴风雨,歌手,陈奕迅
暴风雨,作词,高世章
最佳损友,作词,黄伟文
最佳损友,作曲,Eric Kwok
最佳损友,歌手,陈奕迅
最佳损友,所属专辑,Life Continues
最后今晚,作曲,Eric Kwok
最后今晚,作词,林夕
最后今晚,歌手,陈奕迅
最后派对,作曲,Schumann
最后派对,作词,林若宁
最后派对,作曲,Larry Wong
最后派对,歌手,陈奕迅
最后的嬉皮士,歌手,陈奕迅
最后的嬉皮士,所属专辑,认了吧
最后的嬉皮士,作曲,梁翘柏
最后的嬉皮士,作词,黄伟文
有意无意,作曲,区新明
有意无意,作词,周礼茂
有意无意,所属专辑,陈奕迅
有意无意,歌手,陈奕迅
梦的可能,歌手,陈奕迅
梦的可能,作词,袁两半
梦的可能,作曲,RUSSELL HARRIS
梦的可能,所属专辑,准备中
歌·颂,所属专辑,Solidays
歌·颂,作曲,王双骏
歌·颂,作词,林夕
歌·颂,歌手,陈奕迅
每一个明天,歌手,陈奕迅
每一个明天,所属专辑,天佑爱人
永远都天明,作曲,包小松
永远都天明,作词,何厚华
永远都天明,所属专辑,一滴眼泪
永远都天明,歌手,陈奕迅
沙龙,所属专辑,H3M
沙龙,作词,黄伟文
沙龙,作曲,陈奕迅
沙龙,歌手,陈奕迅
没有你,作曲,陈奕迅
没有你,所属专辑,反正是我
没有你,歌手,陈奕迅
没有你,作词,陈韦伶
没有手机的日子,所属专辑,Special Thanks To…
没有手机的日子,作词,林夕
没有手机的日子,作曲,Seth Swirsky
没有手机的日子,歌手,陈奕迅
沼气,作词,陈咏谦
沼气,歌手,陈奕迅
沼气,作曲,舒文
沼气,所属专辑,Stranger under my skin
活着多好,作曲,胡波
活着多好,作词,黄伟文
活着多好,所属专辑,The Easy Ride
活着多好,歌手,陈奕迅
活跃症,作曲,PARK JUNG WOON
活跃症,歌手,陈奕迅
活跃症,所属专辑,打得火热
活跃症,作曲,GIL EUN KYUNG
活跃症,作词,黄伟文
浮城,所属专辑,怎么样
浮城,作词,李焯雄
浮城,歌手,陈奕迅
浮城,作曲,梁翘柏
浮夸,作曲,江志仁
浮夸,歌手,陈奕迅
浮夸,所属专辑,U87
浮夸,作词,黄伟文
海胆,作曲,Jerald Chan
海胆,作词,葛大为
海胆,歌手,陈奕迅
海里睡人,歌手,陈奕迅
海里睡人,所属专辑,L.O.V.E.
海里睡人,作词,卢凯彤
海里睡人,作曲,孙伟明
海里睡人,作曲,卢凯彤
淘汰,歌手,陈奕迅
淘汰,所属专辑,认了吧
淘汰,作词,周杰伦
淘汰,作曲,周杰伦
渐渐,作词,陈咏谦
渐渐,歌手,陈奕迅
渐渐,作曲,张杰邦
温室效应,作词,黄伟文
温室效应,所属专辑,打得火热
温室效应,歌手,陈奕迅
温室效应,作曲,陈奕迅
游离份子,作曲,浦田博信
游离份子,歌手,陈奕迅
游离份子,作词,潘源良
游离份子,所属专辑,陈奕迅
滑铁卢车站,作词,黄伟文
滑铁卢车站,作曲,Steve Jaimes
滑铁卢车站,作曲,Tony Swain
滑铁卢车站,歌手,陈奕迅
演唱会,作词,陈诗慧
演唱会,歌手,陈奕迅
演唱会,作曲,C.Y. Kong
演唱会,所属专辑,Listen To Eason Chan
烂,所属专辑,U87
烂,作曲,C.Y.Kong
烂,作词,林夕
烂,歌手,陈奕迅
烟味,作词,方文山
烟味,作曲,Alex San
烟味,歌手,陈奕迅
烟味,所属专辑,认了吧
热岛小夜曲,歌手,陈奕迅
热岛小夜曲,作曲,肖光伟
热岛小夜曲,所属专辑,Listen To Eason Chan
热岛小夜曲,作词,林夕
热带雨林,作曲,孙伟明
热带雨林,作词,黄伟文
热带雨林,所属专辑,The Easy Ride
热带雨林,歌手,陈奕迅
然后怎样,歌手,陈奕迅
然后怎样,作词,林夕
然后怎样,作曲,曲世聪
然后怎样,所属专辑,不想放手
爱你入骨,歌手,陈奕迅
爱你入骨,作曲,Dan Hougesen
爱你入骨,作词,林夕
爱你入骨,作曲,Bo Christensen
爱你入骨,作曲,Sune Thorbjornsen
爱你入骨,作曲,Tom Lindby
爱你入骨,所属专辑,Sound & Sight
爱到疯,作曲,翁孝良
爱到疯,作词,杨立德
爱到疯,所属专辑,一滴眼泪
爱到疯,歌手,陈奕迅
爱情转移,作曲,泽日生
爱情转移,作词,林夕
爱情转移,所属专辑,认了吧
爱情转移,歌手,陈奕迅
爱情，幼稚！,所属专辑,陈奕迅
爱是一本书,歌手,陈奕迅
爱是一本书,所属专辑,认了吧
爱是一本书,作词,易家扬
爱是一本书,作曲,Davy Chan
爱是怀疑,所属专辑,反正是我
爱是怀疑,作曲,陈奂仁
爱是怀疑,作词,陈奂仁
爱是怀疑,歌手,陈奕迅
爱没有左右,歌手,陈奕迅
爱没有左右,所属专辑,与我常在
爱没有左右,作词,刘卓辉
爱没有左右,作曲,黄家强
爱的傀儡,歌手,陈奕迅
爱的傀儡,所属专辑,酝酿
狂人日记,作曲,Adrian Fu
狂人日记,作词,林夕
狂人日记,所属专辑,Special Thanks To...
狂人日记,歌手,陈奕迅
狂热革命,所属专辑,Listen To Eason Chan
狂热革命,作词,Law少
狂热革命,作曲,Davy Chan
狂热革命,作曲,陈奕迅
狂热革命,歌手,陈奕迅
猜情寻,作曲,孙伟明
猜情寻,所属专辑,Live For Today
猜情寻,作词,林夕
猜情寻,作曲,吴国敬
猜情寻,歌手,陈奕迅
玛利奥派对,作词,李峻一
玛利奥派对,所属专辑,Listen To Eason Chan
玛利奥派对,作曲,Conrad Wong
玛利奥派对,歌手,陈奕迅
现场直播,所属专辑,与我常在
现场直播,作曲,陈辉阳
现场直播,歌手,陈奕迅
现场直播,作词,因葵
生命有几好,歌手,陈奕迅
生命有几好,所属专辑,与我常在
生命有几好,作词,林夕
生命有几好,作曲,王治平
男人的错,歌手,陈奕迅
男人的错,作曲,吴国敬
男人的错,所属专辑,Special Thanks To…
男人的错,作词,林夕
疯狂的朋友,歌手,陈奕迅
疯狂的朋友,作词,陈咏谦
疯狂的朋友,所属专辑,L.O.V.E.
疯狂的朋友,作曲,恭硕良
白玫瑰,歌手,陈奕迅
白玫瑰,作曲,梁翘柏
白玫瑰,所属专辑,What'S Going On...?
白玫瑰,作词,李焯雄
相信相依,作曲,郑华娟
相信相依,所属专辑,我的快乐时代
相信相依,歌手,陈奕迅
相信相依,作词,黄达辉
相信自己无限极,歌手,陈奕迅
相信自己无限极,作曲,庄冬昕
相信自己无限极,作词,陈少琪
看穿,作词,蓝又时
看穿,作曲,蓝又时
看穿,歌手,陈奕迅
真相,作曲,梁翘柏
真相,作词,乔靖夫
真相,所属专辑,Live For Today
真相,歌手,陈奕迅
眼眉调,歌手,陈奕迅
眼眉调,作曲,史丹利
眼眉调,所属专辑,天佑爱人
眼眉调,作词,周耀辉
破坏王,所属专辑,L.O.V.E.
破坏王,作曲,王双骏
破坏王,歌手,陈奕迅
破坏王,作词,陈咏谦
碌卡,作词,陈咏谦
碌卡,歌手,陈奕迅
碌卡,作曲,Eric Kwok
碌卡,作曲,Jerald
碌卡,所属专辑,…3mm
神奇化妆师,歌手,陈奕迅
神奇化妆师,所属专辑,？
神奇化妆师,作曲,蓝又时
神奇化妆师,作词,林夕
积木,作曲,陈小霞
积木,作词,姚若龙
积木,所属专辑,？
积木,歌手,陈奕迅
稳稳的幸福,作曲,小柯
稳稳的幸福,作词,小柯
稳稳的幸福,歌手,陈奕迅
笑死朕,作词,陈咏谦
笑死朕,所属专辑,…3mm
笑死朕,歌手,陈奕迅
笑死朕,作曲,Jerald
第一个雅皮士,作词,周耀辉
第一个雅皮士,所属专辑,认了吧
第一个雅皮士,歌手,陈奕迅
第一个雅皮士,作曲,梁翘柏
第一类接触,作曲,张佳添
第一类接触,作词,黄敬佩
第一类接触,歌手,陈奕迅
第五个现代化,所属专辑,68分29秒
第五个现代化,歌手,陈奕迅
第五个现代化,作词,周耀辉
第五个现代化,作曲,蔡一智
粤语残片,歌手,陈奕迅
粤语残片,作词,周博贤
粤语残片,作曲,C.Y.Kong
粤语残片,作曲,陈奕迅
细路,歌手,陈奕迅
细路,歌手,谢霆锋
终于一百日,所属专辑,新生活
终于一百日,作词,周耀辉
终于一百日,歌手,陈奕迅
结束开始,所属专辑,The Easy Ride
结束开始,歌手,陈奕迅
结束开始,作曲,韦懋达
结束开始,作曲,韦懋腾
结束开始,作词,黄伟文
给你,作词,李焯雄
给你,所属专辑,上五楼的快活
给你,歌手,陈奕迅
给你,作曲,陈奕迅
给爱丽斯,歌手,陈奕迅
给爱丽斯,所属专辑,Special Thanks To…
给爱丽斯,作词,林夕
给爱丽斯,作曲,陈辉阳
绵绵,歌手,陈奕迅
绵绵,所属专辑,打得火热
绵绵,作词,林夕
绵绵,作曲,柳重言
美丽谎言,作词,冯颖琪
美丽谎言,作曲,柳重言
美丽谎言,所属专辑,打得火热
美丽谎言,歌手,陈奕迅
老细我撇先,歌手,陈奕迅
老细我撇先,作词,潘源良
老细我撇先,所属专辑,准备中
老细我撇先,作曲,RUSSELL HARRIS
致明日的舞,歌手,陈奕迅
致明日的舞,作曲,林家谦
致明日的舞,作词,Oscar
苦瓜,作词,黄伟文
苦瓜,作曲,章霈迎
苦瓜,歌手,陈奕迅
苦瓜,所属专辑,Stranger under my skin
落花流水,作曲,Eric Kwok
落花流水,所属专辑,Life Continues
落花流水,歌手,陈奕迅
落花流水,作词,黄伟文
葡萄成熟时,作曲,Anfernee Cheung
葡萄成熟时,作词,黄伟文
葡萄成熟时,所属专辑,U87
葡萄成熟时,歌手,陈奕迅
葡萄成熟时,作曲,Vincent Chow
蓝色频闪灯,作词,陈奂仁
蓝色频闪灯,歌手,陈奕迅
蓝色频闪灯,作曲,陈奂仁
蚊,所属专辑,…3mm
蚊,歌手,陈奕迅
蚊,作词,林若宁
蚊,作曲,Eric Kwok
蚊,作曲,Jerald
蠢,歌手,陈奕迅
蠢,作曲,陈铭泽
蠢,作词,陈咏谦
蠢,所属专辑,L.O.V.E.
裙下之臣,歌手,陈奕迅
裙下之臣,作词,黄伟文
裙下之臣,作曲,Alex San
要你的,作词,林夕
要你的,所属专辑,黑·白·灰
要你的,歌手,陈奕迅
要你的,作曲,林一峰
要你的,作曲,李腾机
解药,歌手,陈奕迅
解药,作词,黄伟文
解药,所属专辑,What'S Going On...?
解药,作曲,陈奕迅
让我留在你身边,作词,唐汉霄
让我留在你身边,作曲,唐汉霄
让我留在你身边,歌手,陈奕迅
讲故事,作曲,金培达
讲故事,作词,林若宁
讲故事,歌手,陈奕迅
讲故事,所属专辑,五星级的家
讲男讲女,作曲,伍仲衡
讲男讲女,作词,蓝奕邦
讲男讲女,歌手,露云娜
讲男讲女,歌手,陈奕迅
请相信我,所属专辑,我的快乐时代
请相信我,作曲,黄国伦
请相信我,作词,林夕
请相信我,歌手,陈奕迅
谁来剪月光,歌手,陈奕迅
谁来剪月光,作词,易家扬
谁来剪月光,作曲,冯颖琪
谋情害命,所属专辑,上五楼的快活
谋情害命,作词,黄伟文
谋情害命,歌手,陈奕迅
谋情害命,作曲,吴青峰
谢谢,歌手,陈奕迅
谢谢,作词,姚若龙
谢谢,作曲,陈小霞
谢谢,所属专辑,黑·白·灰
谢谢侬,作曲,林一峰
谢谢侬,作词,林夕
谢谢侬,歌手,陈奕迅
贝多芬与我,歌手,陈奕迅
贝多芬与我,作词,黄伟文
贝多芬与我,作曲,Eric Kwok
贝多芬与我,所属专辑,天佑爱人
超错,作词,潘源良
超错,所属专辑,Taste the Atmosphere
超错,歌手,陈奕迅
超错,作曲,John Laudon
跟我走好吗,所属专辑,与我常在
跟我走好吗,作词,何秀萍
跟我走好吗,作曲,柳重言
跟我走好吗,歌手,陈奕迅
跳蚤市场,作曲,Ck
跳蚤市场,作曲,Thoegersen
跳蚤市场,作词,林夕
跳蚤市场,所属专辑,Special Thanks To…
跳蚤市场,作曲,M.A
跳蚤市场,作曲,Plesner
跳蚤市场,歌手,陈奕迅
转机,歌手,陈奕迅
转机,所属专辑,婚礼的祝福
转机,作词,张政群
转机,作曲,刘剑辉
还有什么可以送给你,歌手,陈奕迅
还有什么可以送给你,所属专辑,H3M
还有什么可以送给你,作词,周耀辉
还有什么可以送给你,作曲,Davy Chan
还要不要走,歌手,陈奕迅
还要不要走,所属专辑,？
还要不要走,作词,曲世聪
还要不要走,作曲,曲世聪
这样的一个麻烦,歌手,陈奕迅
这样的一个麻烦,作曲,吴青峰
这样的一个麻烦,作词,吴青峰
这样的一个麻烦,所属专辑,上五楼的快活
遇见了你,作曲,李雨寰
遇见了你,歌手,陈奕迅
遇见了你,作词,李雨寰
遇见了你,所属专辑,U87
遗失的国度,所属专辑,Shall We Dance? Shall We Talk!
遗失的国度,歌手,陈奕迅
遗失的国度,作曲,陶喆
遗失的国度,作词,甄健强
那一夜有没有说,歌手,陈奕迅
那一夜有没有说,所属专辑,与我常在
那一夜有没有说,作词,黄伟文
那一夜有没有说,作曲,陈奕迅
那些让你死去活来的女孩,作曲,Adrian Fu
那些让你死去活来的女孩,作词,黄伟文
那些让你死去活来的女孩,歌手,陈奕迅
酝酿,歌手,陈奕迅
酝酿,作词,黄桂兰
酝酿,作曲,凌伟文
重口味,作曲,陈哲庐
重口味,作词,黄伟文
重口味,所属专辑,…3mm
重口味,歌手,陈奕迅
重口味,作曲,郭伟亮
闪,作曲,Davy Chan
闪,作词,陈诗慧
闪,所属专辑,Listen To Eason Chan
闪,歌手,陈奕迅
防不胜防,歌手,陈奕迅
防不胜防,作词,黄伟文
防不胜防,作曲,张继聪
阳性反应,歌手,陈奕迅
阿士匹灵,歌手,陈奕迅
阿士匹灵,作词,黄伟文
阿士匹灵,作曲,陈奂仁
阿怪,作词,林夕
阿怪,歌手,陈奕迅
阿怪,作曲,Sune Thorbjo
阿怪,作曲,An Hougesen
阿怪,所属专辑,黑·白·灰
阿怪,作曲,Bo Christensen
阿怪,作曲,Tom Lindby
阿牛,作词,林夕
阿牛,作曲,雷颂德
阿牛,所属专辑,U87
阿牛,歌手,陈奕迅
阿猫阿狗,歌手,陈奕迅
阿猫阿狗,所属专辑,The Key
阿猫阿狗,作词,林夕
阿猫阿狗,作曲,Jimmy Fung
陀飞轮,所属专辑,Time Flies
陀飞轮,作词,黄伟文
陀飞轮,作曲,Vincent Chow
陀飞轮,歌手,陈奕迅
陪你度过漫长岁月,作曲,谢国维
陪你度过漫长岁月,作曲,黎晓阳
陪你度过漫长岁月,作词,葛大为
陪你度过漫长岁月,歌手,陈奕迅
随意门,歌手,陈奕迅
随意门,作词,黄伟文
随意门,作曲,张佳添
随意门,所属专辑,The Line-Up
零下几分钟,作词,易家扬
零下几分钟,所属专辑,C'mon in~
零下几分钟,作曲,蓝奕邦
零下几分钟,歌手,陈奕迅
非礼,所属专辑,…3mm
非礼,歌手,陈奕迅
非礼,作词,小克
非礼,作曲,Eric Kwok
非礼,作曲,Jerald
预感,所属专辑,酝酿
预感,作曲,吴旭文
预感,作词,李瑞
预感,歌手,陈奕迅
预感,作词,白进法
黄金时代,所属专辑,我的快乐时代
黄金时代,作词,林夕
黄金时代,歌手,陈奕迅
黄金时代,作曲,柳重言
黑夜不再来,作词,林夕
黑夜不再来,歌手,陈奕迅
黑夜不再来,作曲,陈辉阳
黑择明,作词,林夕
黑择明,所属专辑,认了吧
黑择明,作曲,C.Y.Kong
黑择明,歌手,陈奕迅
黑暗中漫舞,歌手,陈奕迅
黑暗中漫舞,所属专辑,Shall We Dance? Shall We Talk!
黑暗中漫舞,作词,林夕
黑暗中漫舞,作曲,陈小霞
黑洞,所属专辑,准备中
黑洞,歌手,陈奕迅
黑洞,作词,袁两半
黑洞,作曲,曲世聪
黑面,作曲,Lisa
黑面,作词,黄伟文
黑面,所属专辑,The Line-Up
黑面,歌手,陈奕迅
龙舌兰,所属专辑,L.O.V.E.
龙舌兰,作词,陈咏谦
龙舌兰,作曲,Chris Polanco
龙舌兰,歌手,陈奕迅
